Algorithm,KeyGen(op/s)_0.009289,KeyGen(op/s)_0.010349,KeyGen(op/s)_0.010417,KeyGen(op/s)_0.010505,KeyGen(op/s)_0.021583,KeyGen(op/s)_0.023607,KeyGen(op/s)_0.023802,KeyGen(op/s)_0.032446,KeyGen(op/s)_0.047371,KeyGen(op/s)_0.048288,KeyGen(op/s)_0.058949,KeyGen(op/s)_0.071973,KeyGen(op/s)_0.078874,KeyGen(op/s)_0.082354,KeyGen(op/s)_0.084203,KeyGen(op/s)_0.10162,KeyGen(op/s)_0.121758,KeyGen(op/s)_0.140536,KeyGen(op/s)_0.146608,KeyGen(op/s)_0.181147,KeyGen(op/s)_0.183066,KeyGen(op/s)_0.221117,KeyGen(op/s)_0.231184,KeyGen(op/s)_0.242968,KeyGen(op/s)_0.314103,KeyGen(op/s)_0.318731,KeyGen(op/s)_0.336816,KeyGen(op/s)_0.337987,KeyGen(op/s)_0.344455,KeyGen(op/s)_0.352231,KeyGen(op/s)_0.373381,KeyGen(op/s)_0.39086,KeyGen(op/s)_0.394173,KeyGen(op/s)_0.397272,KeyGen(op/s)_0.462884,KeyGen(op/s)_0.651076,KeyGen(op/s)_0.717098,KeyGen(op/s)_0.875297,KeyGen(op/s)_0.905427,KeyGen(op/s)_0.910206,KeyGen(op/s)_1.0,KeyGen(op/s)_100373.6,KeyGen(op/s)_100600.8,KeyGen(op/s)_100657.6,KeyGen(op/s)_10507.720181,KeyGen(op/s)_10615.8,KeyGen(op/s)_106594.0,KeyGen(op/s)_10672.1,KeyGen(op/s)_113654.2,KeyGen(op/s)_119546.6,KeyGen(op/s)_12.0,KeyGen(op/s)_1213.4,KeyGen(op/s)_1235.3,KeyGen(op/s)_1243.4,KeyGen(op/s)_1248.7,KeyGen(op/s)_1252.1,KeyGen(op/s)_12730.9,KeyGen(op/s)_12793.8,KeyGen(op/s)_12851.9,KeyGen(op/s)_12882.8,KeyGen(op/s)_12964.1,KeyGen(op/s)_130476.8,KeyGen(op/s)_134110.0,KeyGen(op/s)_13520.7,KeyGen(op/s)_135623.5,KeyGen(op/s)_136096.2,KeyGen(op/s)_13723.6,KeyGen(op/s)_137374.2,KeyGen(op/s)_138974.2,KeyGen(op/s)_13926.8,KeyGen(op/s)_14.0,KeyGen(op/s)_14094.4,KeyGen(op/s)_141546.1,KeyGen(op/s)_143574.5,KeyGen(op/s)_14570.6,KeyGen(op/s)_14580.6,KeyGen(op/s)_14679.5,KeyGen(op/s)_14751.9,KeyGen(op/s)_15036.3,KeyGen(op/s)_15064.9,KeyGen(op/s)_15138.5,KeyGen(op/s)_15156.3,KeyGen(op/s)_15568.2,KeyGen(op/s)_15689.3,KeyGen(op/s)_15819.3,KeyGen(op/s)_15897.1,KeyGen(op/s)_16451.04985,KeyGen(op/s)_16588.4,KeyGen(op/s)_16629.1,KeyGen(op/s)_16856.5,KeyGen(op/s)_1688.1,KeyGen(op/s)_1694.2,KeyGen(op/s)_1697.1,KeyGen(op/s)_16999.7,KeyGen(op/s)_17858.5,KeyGen(op/s)_17991.3,KeyGen(op/s)_18.0,KeyGen(op/s)_18075.8,KeyGen(op/s)_18507.0,KeyGen(op/s)_18515.4,KeyGen(op/s)_18518.7,KeyGen(op/s)_18762.0,KeyGen(op/s)_1905.9,KeyGen(op/s)_1907.8,KeyGen(op/s)_1908.0,KeyGen(op/s)_191149.2,KeyGen(op/s)_19389.8,KeyGen(op/s)_193905.3,KeyGen(op/s)_194045.2,KeyGen(op/s)_194339.9,KeyGen(op/s)_194614.601299,KeyGen(op/s)_19478.9,KeyGen(op/s)_19482.1,KeyGen(op/s)_195313.5,KeyGen(op/s)_19563.7,KeyGen(op/s)_197599.5,KeyGen(op/s)_198757.6,KeyGen(op/s)_2.0,KeyGen(op/s)_204216.4,KeyGen(op/s)_2105.1,KeyGen(op/s)_21439.2,KeyGen(op/s)_214465.1,KeyGen(op/s)_21645.9,KeyGen(op/s)_2170.5,KeyGen(op/s)_21716.9,KeyGen(op/s)_2173.7,KeyGen(op/s)_2187.5,KeyGen(op/s)_2212.0,KeyGen(op/s)_22322.3,KeyGen(op/s)_2236.4,KeyGen(op/s)_22484.4,KeyGen(op/s)_2261.1,KeyGen(op/s)_2280.6,KeyGen(op/s)_2341.4,KeyGen(op/s)_2352.2,KeyGen(op/s)_24.0,KeyGen(op/s)_2466.8,KeyGen(op/s)_2502.4,KeyGen(op/s)_2502.5,KeyGen(op/s)_26075.3,KeyGen(op/s)_26146.1,KeyGen(op/s)_26213.2,KeyGen(op/s)_26386.3,KeyGen(op/s)_26389.4,KeyGen(op/s)_26548.9,KeyGen(op/s)_2660.3,KeyGen(op/s)_268099.6,KeyGen(op/s)_271891.5998,KeyGen(op/s)_272701.2,KeyGen(op/s)_272744.0,KeyGen(op/s)_27529.6,KeyGen(op/s)_275740.4,KeyGen(op/s)_27589.2,KeyGen(op/s)_27653.0,KeyGen(op/s)_28.0,KeyGen(op/s)_29.0,KeyGen(op/s)_29287.8,KeyGen(op/s)_29781.0,KeyGen(op/s)_298620.1,KeyGen(op/s)_30051.5,KeyGen(op/s)_301588.9,KeyGen(op/s)_30229.6,KeyGen(op/s)_3023.5,KeyGen(op/s)_3024.712188,KeyGen(op/s)_305792.3,KeyGen(op/s)_308518.6,KeyGen(op/s)_30868.4,KeyGen(op/s)_31.0,KeyGen(op/s)_31095.1,KeyGen(op/s)_312726.7,KeyGen(op/s)_31386.2,KeyGen(op/s)_31388.6,KeyGen(op/s)_31505.7,KeyGen(op/s)_31578.1,KeyGen(op/s)_32.0,KeyGen(op/s)_32037.7,KeyGen(op/s)_32426.1,KeyGen(op/s)_32900.3,KeyGen(op/s)_33626.4,KeyGen(op/s)_3395.4,KeyGen(op/s)_34.0,KeyGen(op/s)_34644.8,KeyGen(op/s)_35109.3,KeyGen(op/s)_35179.5,KeyGen(op/s)_35202.5,KeyGen(op/s)_36.0,KeyGen(op/s)_37.0,KeyGen(op/s)_3813.3,KeyGen(op/s)_3834.5,KeyGen(op/s)_3834.7,KeyGen(op/s)_3837.2,KeyGen(op/s)_3953.0,KeyGen(op/s)_3970.6,KeyGen(op/s)_3971.3,KeyGen(op/s)_39957.6,KeyGen(op/s)_4.0,KeyGen(op/s)_40845.0,KeyGen(op/s)_40991.2,KeyGen(op/s)_41115.7,KeyGen(op/s)_41515.8,KeyGen(op/s)_42.0,KeyGen(op/s)_422189.2,KeyGen(op/s)_423211.0,KeyGen(op/s)_423728.8,KeyGen(op/s)_4238.9,KeyGen(op/s)_424072.3,KeyGen(op/s)_4241.4,KeyGen(op/s)_424548.0,KeyGen(op/s)_4251.1,KeyGen(op/s)_43726.9,KeyGen(op/s)_4417.7,KeyGen(op/s)_4498.8,KeyGen(op/s)_4547.4,KeyGen(op/s)_45832.5,KeyGen(op/s)_46140.1,KeyGen(op/s)_46193.9,KeyGen(op/s)_46370.9,KeyGen(op/s)_4638.6,KeyGen(op/s)_46434.5,KeyGen(op/s)_4671.9,KeyGen(op/s)_46775.1,KeyGen(op/s)_46966.3,KeyGen(op/s)_47408.6,KeyGen(op/s)_47552.4,KeyGen(op/s)_48384.0,KeyGen(op/s)_4846.5,KeyGen(op/s)_48789.0,KeyGen(op/s)_4903.7,KeyGen(op/s)_49201.9,KeyGen(op/s)_4975.2,KeyGen(op/s)_50115.6,KeyGen(op/s)_5021.5,KeyGen(op/s)_5053.8,KeyGen(op/s)_5068.0,KeyGen(op/s)_5101.7,KeyGen(op/s)_5156.4,KeyGen(op/s)_5163.4,KeyGen(op/s)_5197.8,KeyGen(op/s)_5279.5,KeyGen(op/s)_5291.56004,KeyGen(op/s)_5295.4,KeyGen(op/s)_5299.3,KeyGen(op/s)_53248.3,KeyGen(op/s)_53383.9,KeyGen(op/s)_54350.8,KeyGen(op/s)_55227.6,KeyGen(op/s)_5537.8,KeyGen(op/s)_59815.6,KeyGen(op/s)_6100.4,KeyGen(op/s)_6122.1,KeyGen(op/s)_64172.4,KeyGen(op/s)_64490.3,KeyGen(op/s)_65681.2,KeyGen(op/s)_66763.7,KeyGen(op/s)_68428.5,KeyGen(op/s)_69727.5,KeyGen(op/s)_70210.1,KeyGen(op/s)_7111.780619,KeyGen(op/s)_7138.2,KeyGen(op/s)_7209.332068,KeyGen(op/s)_7254.472527,KeyGen(op/s)_7300.5,KeyGen(op/s)_74062.5,KeyGen(op/s)_74094.7,KeyGen(op/s)_74275.5,KeyGen(op/s)_74988.5,KeyGen(op/s)_7525.7,KeyGen(op/s)_75420.7,KeyGen(op/s)_76122.6,KeyGen(op/s)_76392.7,KeyGen(op/s)_76868.6,KeyGen(op/s)_79002.9,KeyGen(op/s)_7934.5,KeyGen(op/s)_7990.6,KeyGen(op/s)_8.0,KeyGen(op/s)_8030.4,KeyGen(op/s)_8041.8,KeyGen(op/s)_8052.9,KeyGen(op/s)_8053.9,KeyGen(op/s)_8073.4,KeyGen(op/s)_8165.4,KeyGen(op/s)_81690.5,KeyGen(op/s)_8186.7,KeyGen(op/s)_83057.3,KeyGen(op/s)_8449.0,KeyGen(op/s)_8524.5,KeyGen(op/s)_85555.2,KeyGen(op/s)_85686.9,KeyGen(op/s)_86055.2,KeyGen(op/s)_8616.3,KeyGen(op/s)_86464.7,KeyGen(op/s)_87016.1,KeyGen(op/s)_87124.9,KeyGen(op/s)_87157.8,KeyGen(op/s)_8725.1,KeyGen(op/s)_8762.4,KeyGen(op/s)_8820.6,KeyGen(op/s)_8824.6,KeyGen(op/s)_8858.786114,KeyGen(op/s)_8859.1,KeyGen(op/s)_8939.8,KeyGen(op/s)_9.0,KeyGen(op/s)_90174.4,KeyGen(op/s)_9090.4,KeyGen(op/s)_91312.8,KeyGen(op/s)_91343.0,KeyGen(op/s)_91471.5,KeyGen(op/s)_9371.0,KeyGen(op/s)_9373.1,KeyGen(op/s)_9407.2,KeyGen(op/s)_9435.8,KeyGen(op/s)_9482.2,KeyGen(op/s)_9516.02967,KeyGen(op/s)_9526.7,KeyGen(op/s)_9585.5,KeyGen(op/s)_9941.1,KeyGen(op/s)_9950.088512,KeyGen(op/s)_unknown,Encap/Sign(op/s)_0.009289,Encap/Sign(op/s)_0.010349,Encap/Sign(op/s)_0.010417,Encap/Sign(op/s)_0.010505,Encap/Sign(op/s)_0.021583,Encap/Sign(op/s)_0.023607,Encap/Sign(op/s)_0.023802,Encap/Sign(op/s)_0.032446,Encap/Sign(op/s)_0.047371,Encap/Sign(op/s)_0.048288,Encap/Sign(op/s)_0.058949,Encap/Sign(op/s)_0.071973,Encap/Sign(op/s)_0.078874,Encap/Sign(op/s)_0.082354,Encap/Sign(op/s)_0.084203,Encap/Sign(op/s)_0.10162,Encap/Sign(op/s)_0.121758,Encap/Sign(op/s)_0.140536,Encap/Sign(op/s)_0.146608,Encap/Sign(op/s)_0.181147,Encap/Sign(op/s)_0.183066,Encap/Sign(op/s)_0.221117,Encap/Sign(op/s)_0.231184,Encap/Sign(op/s)_0.242968,Encap/Sign(op/s)_0.314103,Encap/Sign(op/s)_0.318731,Encap/Sign(op/s)_0.336816,Encap/Sign(op/s)_0.337987,Encap/Sign(op/s)_0.344455,Encap/Sign(op/s)_0.352231,Encap/Sign(op/s)_0.373381,Encap/Sign(op/s)_0.39086,Encap/Sign(op/s)_0.394173,Encap/Sign(op/s)_0.397272,Encap/Sign(op/s)_0.462884,Encap/Sign(op/s)_0.651076,Encap/Sign(op/s)_0.717098,Encap/Sign(op/s)_0.875297,Encap/Sign(op/s)_0.905427,Encap/Sign(op/s)_0.910206,Encap/Sign(op/s)_1.0,Encap/Sign(op/s)_100373.6,Encap/Sign(op/s)_100600.8,Encap/Sign(op/s)_100657.6,Encap/Sign(op/s)_10507.720181,Encap/Sign(op/s)_10615.8,Encap/Sign(op/s)_106594.0,Encap/Sign(op/s)_10672.1,Encap/Sign(op/s)_113654.2,Encap/Sign(op/s)_119546.6,Encap/Sign(op/s)_12.0,Encap/Sign(op/s)_1213.4,Encap/Sign(op/s)_1235.3,Encap/Sign(op/s)_1243.4,Encap/Sign(op/s)_1248.7,Encap/Sign(op/s)_1252.1,Encap/Sign(op/s)_12730.9,Encap/Sign(op/s)_12793.8,Encap/Sign(op/s)_12851.9,Encap/Sign(op/s)_12882.8,Encap/Sign(op/s)_12964.1,Encap/Sign(op/s)_130476.8,Encap/Sign(op/s)_134110.0,Encap/Sign(op/s)_13520.7,Encap/Sign(op/s)_135623.5,Encap/Sign(op/s)_136096.2,Encap/Sign(op/s)_13723.6,Encap/Sign(op/s)_137374.2,Encap/Sign(op/s)_138974.2,Encap/Sign(op/s)_13926.8,Encap/Sign(op/s)_14.0,Encap/Sign(op/s)_14094.4,Encap/Sign(op/s)_141546.1,Encap/Sign(op/s)_143574.5,Encap/Sign(op/s)_14570.6,Encap/Sign(op/s)_14580.6,Encap/Sign(op/s)_14679.5,Encap/Sign(op/s)_14751.9,Encap/Sign(op/s)_15036.3,Encap/Sign(op/s)_15064.9,Encap/Sign(op/s)_15138.5,Encap/Sign(op/s)_15156.3,Encap/Sign(op/s)_15568.2,Encap/Sign(op/s)_15689.3,Encap/Sign(op/s)_15819.3,Encap/Sign(op/s)_15897.1,Encap/Sign(op/s)_16451.04985,Encap/Sign(op/s)_16588.4,Encap/Sign(op/s)_16629.1,Encap/Sign(op/s)_16856.5,Encap/Sign(op/s)_1688.1,Encap/Sign(op/s)_1694.2,Encap/Sign(op/s)_1697.1,Encap/Sign(op/s)_16999.7,Encap/Sign(op/s)_17858.5,Encap/Sign(op/s)_17991.3,Encap/Sign(op/s)_18.0,Encap/Sign(op/s)_18075.8,Encap/Sign(op/s)_18507.0,Encap/Sign(op/s)_18515.4,Encap/Sign(op/s)_18518.7,Encap/Sign(op/s)_18762.0,Encap/Sign(op/s)_1905.9,Encap/Sign(op/s)_1907.8,Encap/Sign(op/s)_1908.0,Encap/Sign(op/s)_191149.2,Encap/Sign(op/s)_19389.8,Encap/Sign(op/s)_193905.3,Encap/Sign(op/s)_194045.2,Encap/Sign(op/s)_194339.9,Encap/Sign(op/s)_194614.601299,Encap/Sign(op/s)_19478.9,Encap/Sign(op/s)_19482.1,Encap/Sign(op/s)_195313.5,Encap/Sign(op/s)_19563.7,Encap/Sign(op/s)_197599.5,Encap/Sign(op/s)_198757.6,Encap/Sign(op/s)_2.0,Encap/Sign(op/s)_204216.4,Encap/Sign(op/s)_2105.1,Encap/Sign(op/s)_21439.2,Encap/Sign(op/s)_214465.1,Encap/Sign(op/s)_21645.9,Encap/Sign(op/s)_2170.5,Encap/Sign(op/s)_21716.9,Encap/Sign(op/s)_2173.7,Encap/Sign(op/s)_2187.5,Encap/Sign(op/s)_2212.0,Encap/Sign(op/s)_22322.3,Encap/Sign(op/s)_2236.4,Encap/Sign(op/s)_22484.4,Encap/Sign(op/s)_2261.1,Encap/Sign(op/s)_2280.6,Encap/Sign(op/s)_2341.4,Encap/Sign(op/s)_2352.2,Encap/Sign(op/s)_24.0,Encap/Sign(op/s)_2466.8,Encap/Sign(op/s)_2502.4,Encap/Sign(op/s)_2502.5,Encap/Sign(op/s)_26075.3,Encap/Sign(op/s)_26146.1,Encap/Sign(op/s)_26213.2,Encap/Sign(op/s)_26386.3,Encap/Sign(op/s)_26389.4,Encap/Sign(op/s)_26548.9,Encap/Sign(op/s)_2660.3,Encap/Sign(op/s)_268099.6,Encap/Sign(op/s)_271891.5998,Encap/Sign(op/s)_272701.2,Encap/Sign(op/s)_272744.0,Encap/Sign(op/s)_27529.6,Encap/Sign(op/s)_275740.4,Encap/Sign(op/s)_27589.2,Encap/Sign(op/s)_27653.0,Encap/Sign(op/s)_28.0,Encap/Sign(op/s)_29.0,Encap/Sign(op/s)_29287.8,Encap/Sign(op/s)_29781.0,Encap/Sign(op/s)_298620.1,Encap/Sign(op/s)_30051.5,Encap/Sign(op/s)_301588.9,Encap/Sign(op/s)_30229.6,Encap/Sign(op/s)_3023.5,Encap/Sign(op/s)_3024.712188,Encap/Sign(op/s)_305792.3,Encap/Sign(op/s)_308518.6,Encap/Sign(op/s)_30868.4,Encap/Sign(op/s)_31.0,Encap/Sign(op/s)_31095.1,Encap/Sign(op/s)_312726.7,Encap/Sign(op/s)_31386.2,Encap/Sign(op/s)_31388.6,Encap/Sign(op/s)_31505.7,Encap/Sign(op/s)_31578.1,Encap/Sign(op/s)_32.0,Encap/Sign(op/s)_32037.7,Encap/Sign(op/s)_32426.1,Encap/Sign(op/s)_32900.3,Encap/Sign(op/s)_33626.4,Encap/Sign(op/s)_3395.4,Encap/Sign(op/s)_34.0,Encap/Sign(op/s)_34644.8,Encap/Sign(op/s)_35109.3,Encap/Sign(op/s)_35179.5,Encap/Sign(op/s)_35202.5,Encap/Sign(op/s)_36.0,Encap/Sign(op/s)_37.0,Encap/Sign(op/s)_3813.3,Encap/Sign(op/s)_3834.5,Encap/Sign(op/s)_3834.7,Encap/Sign(op/s)_3837.2,Encap/Sign(op/s)_3953.0,Encap/Sign(op/s)_3970.6,Encap/Sign(op/s)_3971.3,Encap/Sign(op/s)_39957.6,Encap/Sign(op/s)_4.0,Encap/Sign(op/s)_40845.0,Encap/Sign(op/s)_40991.2,Encap/Sign(op/s)_41115.7,Encap/Sign(op/s)_41515.8,Encap/Sign(op/s)_42.0,Encap/Sign(op/s)_422189.2,Encap/Sign(op/s)_423211.0,Encap/Sign(op/s)_423728.8,Encap/Sign(op/s)_4238.9,Encap/Sign(op/s)_424072.3,Encap/Sign(op/s)_4241.4,Encap/Sign(op/s)_424548.0,Encap/Sign(op/s)_4251.1,Encap/Sign(op/s)_43726.9,Encap/Sign(op/s)_4417.7,Encap/Sign(op/s)_4498.8,Encap/Sign(op/s)_4547.4,Encap/Sign(op/s)_45832.5,Encap/Sign(op/s)_46140.1,Encap/Sign(op/s)_46193.9,Encap/Sign(op/s)_46370.9,Encap/Sign(op/s)_4638.6,Encap/Sign(op/s)_46434.5,Encap/Sign(op/s)_4671.9,Encap/Sign(op/s)_46775.1,Encap/Sign(op/s)_46966.3,Encap/Sign(op/s)_47408.6,Encap/Sign(op/s)_47552.4,Encap/Sign(op/s)_48384.0,Encap/Sign(op/s)_4846.5,Encap/Sign(op/s)_48789.0,Encap/Sign(op/s)_4903.7,Encap/Sign(op/s)_49201.9,Encap/Sign(op/s)_4975.2,Encap/Sign(op/s)_50115.6,Encap/Sign(op/s)_5021.5,Encap/Sign(op/s)_5053.8,Encap/Sign(op/s)_5068.0,Encap/Sign(op/s)_5101.7,Encap/Sign(op/s)_5156.4,Encap/Sign(op/s)_5163.4,Encap/Sign(op/s)_5197.8,Encap/Sign(op/s)_5279.5,Encap/Sign(op/s)_5291.56004,Encap/Sign(op/s)_5295.4,Encap/Sign(op/s)_5299.3,Encap/Sign(op/s)_53248.3,Encap/Sign(op/s)_53383.9,Encap/Sign(op/s)_54350.8,Encap/Sign(op/s)_55227.6,Encap/Sign(op/s)_5537.8,Encap/Sign(op/s)_59815.6,Encap/Sign(op/s)_6100.4,Encap/Sign(op/s)_6122.1,Encap/Sign(op/s)_64172.4,Encap/Sign(op/s)_64490.3,Encap/Sign(op/s)_65681.2,Encap/Sign(op/s)_66763.7,Encap/Sign(op/s)_68428.5,Encap/Sign(op/s)_69727.5,Encap/Sign(op/s)_70210.1,Encap/Sign(op/s)_7111.780619,Encap/Sign(op/s)_7138.2,Encap/Sign(op/s)_7209.332068,Encap/Sign(op/s)_7254.472527,Encap/Sign(op/s)_7300.5,Encap/Sign(op/s)_74062.5,Encap/Sign(op/s)_74094.7,Encap/Sign(op/s)_74275.5,Encap/Sign(op/s)_74988.5,Encap/Sign(op/s)_7525.7,Encap/Sign(op/s)_75420.7,Encap/Sign(op/s)_76122.6,Encap/Sign(op/s)_76392.7,Encap/Sign(op/s)_76868.6,Encap/Sign(op/s)_79002.9,Encap/Sign(op/s)_7934.5,Encap/Sign(op/s)_7990.6,Encap/Sign(op/s)_8.0,Encap/Sign(op/s)_8030.4,Encap/Sign(op/s)_8041.8,Encap/Sign(op/s)_8052.9,Encap/Sign(op/s)_8053.9,Encap/Sign(op/s)_8073.4,Encap/Sign(op/s)_8165.4,Encap/Sign(op/s)_81690.5,Encap/Sign(op/s)_8186.7,Encap/Sign(op/s)_83057.3,Encap/Sign(op/s)_8449.0,Encap/Sign(op/s)_8524.5,Encap/Sign(op/s)_85555.2,Encap/Sign(op/s)_85686.9,Encap/Sign(op/s)_86055.2,Encap/Sign(op/s)_8616.3,Encap/Sign(op/s)_86464.7,Encap/Sign(op/s)_87016.1,Encap/Sign(op/s)_87124.9,Encap/Sign(op/s)_87157.8,Encap/Sign(op/s)_8725.1,Encap/Sign(op/s)_8762.4,Encap/Sign(op/s)_8820.6,Encap/Sign(op/s)_8824.6,Encap/Sign(op/s)_8858.786114,Encap/Sign(op/s)_8859.1,Encap/Sign(op/s)_8939.8,Encap/Sign(op/s)_9.0,Encap/Sign(op/s)_90174.4,Encap/Sign(op/s)_9090.4,Encap/Sign(op/s)_91312.8,Encap/Sign(op/s)_91343.0,Encap/Sign(op/s)_91471.5,Encap/Sign(op/s)_9371.0,Encap/Sign(op/s)_9373.1,Encap/Sign(op/s)_9407.2,Encap/Sign(op/s)_9435.8,Encap/Sign(op/s)_9482.2,Encap/Sign(op/s)_9516.02967,Encap/Sign(op/s)_9526.7,Encap/Sign(op/s)_9585.5,Encap/Sign(op/s)_9941.1,Encap/Sign(op/s)_9950.088512,Encap/Sign(op/s)_unknown,Decap/Verify(op/s)_0.009289,Decap/Verify(op/s)_0.010349,Decap/Verify(op/s)_0.010417,Decap/Verify(op/s)_0.010505,Decap/Verify(op/s)_0.021583,Decap/Verify(op/s)_0.023607,Decap/Verify(op/s)_0.023802,Decap/Verify(op/s)_0.032446,Decap/Verify(op/s)_0.047371,Decap/Verify(op/s)_0.048288,Decap/Verify(op/s)_0.058949,Decap/Verify(op/s)_0.071973,Decap/Verify(op/s)_0.078874,Decap/Verify(op/s)_0.082354,Decap/Verify(op/s)_0.084203,Decap/Verify(op/s)_0.10162,Decap/Verify(op/s)_0.121758,Decap/Verify(op/s)_0.140536,Decap/Verify(op/s)_0.146608,Decap/Verify(op/s)_0.181147,Decap/Verify(op/s)_0.183066,Decap/Verify(op/s)_0.221117,Decap/Verify(op/s)_0.231184,Decap/Verify(op/s)_0.242968,Decap/Verify(op/s)_0.314103,Decap/Verify(op/s)_0.318731,Decap/Verify(op/s)_0.336816,Decap/Verify(op/s)_0.337987,Decap/Verify(op/s)_0.344455,Decap/Verify(op/s)_0.352231,Decap/Verify(op/s)_0.373381,Decap/Verify(op/s)_0.39086,Decap/Verify(op/s)_0.394173,Decap/Verify(op/s)_0.397272,Decap/Verify(op/s)_0.462884,Decap/Verify(op/s)_0.651076,Decap/Verify(op/s)_0.717098,Decap/Verify(op/s)_0.875297,Decap/Verify(op/s)_0.905427,Decap/Verify(op/s)_0.910206,Decap/Verify(op/s)_1.0,Decap/Verify(op/s)_100373.6,Decap/Verify(op/s)_100600.8,Decap/Verify(op/s)_100657.6,Decap/Verify(op/s)_10507.720181,Decap/Verify(op/s)_10615.8,Decap/Verify(op/s)_106594.0,Decap/Verify(op/s)_10672.1,Decap/Verify(op/s)_113654.2,Decap/Verify(op/s)_119546.6,Decap/Verify(op/s)_12.0,Decap/Verify(op/s)_1213.4,Decap/Verify(op/s)_1235.3,Decap/Verify(op/s)_1243.4,Decap/Verify(op/s)_1248.7,Decap/Verify(op/s)_1252.1,Decap/Verify(op/s)_12730.9,Decap/Verify(op/s)_12793.8,Decap/Verify(op/s)_12851.9,Decap/Verify(op/s)_12882.8,Decap/Verify(op/s)_12964.1,Decap/Verify(op/s)_130476.8,Decap/Verify(op/s)_134110.0,Decap/Verify(op/s)_13520.7,Decap/Verify(op/s)_135623.5,Decap/Verify(op/s)_136096.2,Decap/Verify(op/s)_13723.6,Decap/Verify(op/s)_137374.2,Decap/Verify(op/s)_138974.2,Decap/Verify(op/s)_13926.8,Decap/Verify(op/s)_14.0,Decap/Verify(op/s)_14094.4,Decap/Verify(op/s)_141546.1,Decap/Verify(op/s)_143574.5,Decap/Verify(op/s)_14570.6,Decap/Verify(op/s)_14580.6,Decap/Verify(op/s)_14679.5,Decap/Verify(op/s)_14751.9,Decap/Verify(op/s)_15036.3,Decap/Verify(op/s)_15064.9,Decap/Verify(op/s)_15138.5,Decap/Verify(op/s)_15156.3,Decap/Verify(op/s)_15568.2,Decap/Verify(op/s)_15689.3,Decap/Verify(op/s)_15819.3,Decap/Verify(op/s)_15897.1,Decap/Verify(op/s)_16451.04985,Decap/Verify(op/s)_16588.4,Decap/Verify(op/s)_16629.1,Decap/Verify(op/s)_16856.5,Decap/Verify(op/s)_1688.1,Decap/Verify(op/s)_1694.2,Decap/Verify(op/s)_1697.1,Decap/Verify(op/s)_16999.7,Decap/Verify(op/s)_17858.5,Decap/Verify(op/s)_17991.3,Decap/Verify(op/s)_18.0,Decap/Verify(op/s)_18075.8,Decap/Verify(op/s)_18507.0,Decap/Verify(op/s)_18515.4,Decap/Verify(op/s)_18518.7,Decap/Verify(op/s)_18762.0,Decap/Verify(op/s)_1905.9,Decap/Verify(op/s)_1907.8,Decap/Verify(op/s)_1908.0,Decap/Verify(op/s)_191149.2,Decap/Verify(op/s)_19389.8,Decap/Verify(op/s)_193905.3,Decap/Verify(op/s)_194045.2,Decap/Verify(op/s)_194339.9,Decap/Verify(op/s)_194614.601299,Decap/Verify(op/s)_19478.9,Decap/Verify(op/s)_19482.1,Decap/Verify(op/s)_195313.5,Decap/Verify(op/s)_19563.7,Decap/Verify(op/s)_197599.5,Decap/Verify(op/s)_198757.6,Decap/Verify(op/s)_2.0,Decap/Verify(op/s)_204216.4,Decap/Verify(op/s)_2105.1,Decap/Verify(op/s)_21439.2,Decap/Verify(op/s)_214465.1,Decap/Verify(op/s)_21645.9,Decap/Verify(op/s)_2170.5,Decap/Verify(op/s)_21716.9,Decap/Verify(op/s)_2173.7,Decap/Verify(op/s)_2187.5,Decap/Verify(op/s)_2212.0,Decap/Verify(op/s)_22322.3,Decap/Verify(op/s)_2236.4,Decap/Verify(op/s)_22484.4,Decap/Verify(op/s)_2261.1,Decap/Verify(op/s)_2280.6,Decap/Verify(op/s)_2341.4,Decap/Verify(op/s)_2352.2,Decap/Verify(op/s)_24.0,Decap/Verify(op/s)_2466.8,Decap/Verify(op/s)_2502.4,Decap/Verify(op/s)_2502.5,Decap/Verify(op/s)_26075.3,Decap/Verify(op/s)_26146.1,Decap/Verify(op/s)_26213.2,Decap/Verify(op/s)_26386.3,Decap/Verify(op/s)_26389.4,Decap/Verify(op/s)_26548.9,Decap/Verify(op/s)_2660.3,Decap/Verify(op/s)_268099.6,Decap/Verify(op/s)_271891.5998,Decap/Verify(op/s)_272701.2,Decap/Verify(op/s)_272744.0,Decap/Verify(op/s)_27529.6,Decap/Verify(op/s)_275740.4,Decap/Verify(op/s)_27589.2,Decap/Verify(op/s)_27653.0,Decap/Verify(op/s)_28.0,Decap/Verify(op/s)_29.0,Decap/Verify(op/s)_29287.8,Decap/Verify(op/s)_29781.0,Decap/Verify(op/s)_298620.1,Decap/Verify(op/s)_30051.5,Decap/Verify(op/s)_301588.9,Decap/Verify(op/s)_30229.6,Decap/Verify(op/s)_3023.5,Decap/Verify(op/s)_3024.712188,Decap/Verify(op/s)_305792.3,Decap/Verify(op/s)_308518.6,Decap/Verify(op/s)_30868.4,Decap/Verify(op/s)_31.0,Decap/Verify(op/s)_31095.1,Decap/Verify(op/s)_312726.7,Decap/Verify(op/s)_31386.2,Decap/Verify(op/s)_31388.6,Decap/Verify(op/s)_31505.7,Decap/Verify(op/s)_31578.1,Decap/Verify(op/s)_32.0,Decap/Verify(op/s)_32037.7,Decap/Verify(op/s)_32426.1,Decap/Verify(op/s)_32900.3,Decap/Verify(op/s)_33626.4,Decap/Verify(op/s)_3395.4,Decap/Verify(op/s)_34.0,Decap/Verify(op/s)_34644.8,Decap/Verify(op/s)_35109.3,Decap/Verify(op/s)_35179.5,Decap/Verify(op/s)_35202.5,Decap/Verify(op/s)_36.0,Decap/Verify(op/s)_37.0,Decap/Verify(op/s)_3813.3,Decap/Verify(op/s)_3834.5,Decap/Verify(op/s)_3834.7,Decap/Verify(op/s)_3837.2,Decap/Verify(op/s)_3953.0,Decap/Verify(op/s)_3970.6,Decap/Verify(op/s)_3971.3,Decap/Verify(op/s)_39957.6,Decap/Verify(op/s)_4.0,Decap/Verify(op/s)_40845.0,Decap/Verify(op/s)_40991.2,Decap/Verify(op/s)_41115.7,Decap/Verify(op/s)_41515.8,Decap/Verify(op/s)_42.0,Decap/Verify(op/s)_422189.2,Decap/Verify(op/s)_423211.0,Decap/Verify(op/s)_423728.8,Decap/Verify(op/s)_4238.9,Decap/Verify(op/s)_424072.3,Decap/Verify(op/s)_4241.4,Decap/Verify(op/s)_424548.0,Decap/Verify(op/s)_4251.1,Decap/Verify(op/s)_43726.9,Decap/Verify(op/s)_4417.7,Decap/Verify(op/s)_4498.8,Decap/Verify(op/s)_4547.4,Decap/Verify(op/s)_45832.5,Decap/Verify(op/s)_46140.1,Decap/Verify(op/s)_46193.9,Decap/Verify(op/s)_46370.9,Decap/Verify(op/s)_4638.6,Decap/Verify(op/s)_46434.5,Decap/Verify(op/s)_4671.9,Decap/Verify(op/s)_46775.1,Decap/Verify(op/s)_46966.3,Decap/Verify(op/s)_47408.6,Decap/Verify(op/s)_47552.4,Decap/Verify(op/s)_48384.0,Decap/Verify(op/s)_4846.5,Decap/Verify(op/s)_48789.0,Decap/Verify(op/s)_4903.7,Decap/Verify(op/s)_49201.9,Decap/Verify(op/s)_4975.2,Decap/Verify(op/s)_50115.6,Decap/Verify(op/s)_5021.5,Decap/Verify(op/s)_5053.8,Decap/Verify(op/s)_5068.0,Decap/Verify(op/s)_5101.7,Decap/Verify(op/s)_5156.4,Decap/Verify(op/s)_5163.4,Decap/Verify(op/s)_5197.8,Decap/Verify(op/s)_5279.5,Decap/Verify(op/s)_5291.56004,Decap/Verify(op/s)_5295.4,Decap/Verify(op/s)_5299.3,Decap/Verify(op/s)_53248.3,Decap/Verify(op/s)_53383.9,Decap/Verify(op/s)_54350.8,Decap/Verify(op/s)_55227.6,Decap/Verify(op/s)_5537.8,Decap/Verify(op/s)_59815.6,Decap/Verify(op/s)_6100.4,Decap/Verify(op/s)_6122.1,Decap/Verify(op/s)_64172.4,Decap/Verify(op/s)_64490.3,Decap/Verify(op/s)_65681.2,Decap/Verify(op/s)_66763.7,Decap/Verify(op/s)_68428.5,Decap/Verify(op/s)_69727.5,Decap/Verify(op/s)_70210.1,Decap/Verify(op/s)_7111.780619,Decap/Verify(op/s)_7138.2,Decap/Verify(op/s)_7209.332068,Decap/Verify(op/s)_7254.472527,Decap/Verify(op/s)_7300.5,Decap/Verify(op/s)_74062.5,Decap/Verify(op/s)_74094.7,Decap/Verify(op/s)_74275.5,Decap/Verify(op/s)_74988.5,Decap/Verify(op/s)_7525.7,Decap/Verify(op/s)_75420.7,Decap/Verify(op/s)_76122.6,Decap/Verify(op/s)_76392.7,Decap/Verify(op/s)_76868.6,Decap/Verify(op/s)_79002.9,Decap/Verify(op/s)_7934.5,Decap/Verify(op/s)_7990.6,Decap/Verify(op/s)_8.0,Decap/Verify(op/s)_8030.4,Decap/Verify(op/s)_8041.8,Decap/Verify(op/s)_8052.9,Decap/Verify(op/s)_8053.9,Decap/Verify(op/s)_8073.4,Decap/Verify(op/s)_8165.4,Decap/Verify(op/s)_81690.5,Decap/Verify(op/s)_8186.7,Decap/Verify(op/s)_83057.3,Decap/Verify(op/s)_8449.0,Decap/Verify(op/s)_8524.5,Decap/Verify(op/s)_85555.2,Decap/Verify(op/s)_85686.9,Decap/Verify(op/s)_86055.2,Decap/Verify(op/s)_8616.3,Decap/Verify(op/s)_86464.7,Decap/Verify(op/s)_87016.1,Decap/Verify(op/s)_87124.9,Decap/Verify(op/s)_87157.8,Decap/Verify(op/s)_8725.1,Decap/Verify(op/s)_8762.4,Decap/Verify(op/s)_8820.6,Decap/Verify(op/s)_8824.6,Decap/Verify(op/s)_8858.786114,Decap/Verify(op/s)_8859.1,Decap/Verify(op/s)_8939.8,Decap/Verify(op/s)_9.0,Decap/Verify(op/s)_90174.4,Decap/Verify(op/s)_9090.4,Decap/Verify(op/s)_91312.8,Decap/Verify(op/s)_91343.0,Decap/Verify(op/s)_91471.5,Decap/Verify(op/s)_9371.0,Decap/Verify(op/s)_9373.1,Decap/Verify(op/s)_9407.2,Decap/Verify(op/s)_9435.8,Decap/Verify(op/s)_9482.2,Decap/Verify(op/s)_9516.02967,Decap/Verify(op/s)_9526.7,Decap/Verify(op/s)_9585.5,Decap/Verify(op/s)_9941.1,Decap/Verify(op/s)_9950.088512,Decap/Verify(op/s)_unknown
+F10,,,,,,,,,,,,,,,,,,,,,,,,,,,,,,,,,,,,,,,,,,,,,,,,,,,,,,,,,,,,,,,,,,,,,,,,,,,,,,,,,,,,,,,,,,,,,,,,,,,,,,,,,,,,,,,,,,,,,,,,,,,,,,,,,,,,,,,,,,,,,,,,,,,,,,,,,,,,,,,,,,,,,,,,,,,,,,,,,,,,,,,,,,,,,,,,,,,,,,,,,,,,,,,,,,,,,,,,,,,,,,,,,,,,,,,,,,,,,,,,,,,,,,,,,,,,,,,,,,,,,,,,,,,,,,,,,,,,,,,,,,,,,,,,,,,,,,,,,,,,,,,,,,,,,,,,,,,,,,,317.082917,278.4,977.3,315.9,1146.112188,974.4,969.3,969.7,295.0,1809.9,1694.305694,575.3,1691.1,610.4,1158.8,617.8,557.642358,1885.278621,618.981019,2066.031169,317.8,965.3,1910.3,3630.583816,1130.4,3494.1,3499.465035,2142.539361,1143.118482,1985.737762,3582.1,2058.860439,6199.9,3289.5,6628.8,1167.6,6568.38971,6564.087512,6830.0,1774.3,,,,,,,113966.9,,117566.9,124689.4,,,,,,,,,,,,127807.3,,,,,,,,15824.8,,,172694.5,,,,,,17250.0,17231.0,14896.4,17334.7,,,19258.9,19370.3,,18605.0,,18770.8,,,,,19631.9,,,,,,,24707.6,,,,,,,,,,,,,,,,,,,13934.4,,21817.6,,58286.4,,,,23999.7,,24995.8,,,,,,,,,28312.9,,,,,,,,,,,31270.3,,56605.0,31821.9,,,32098.6,30822.8,,32915.0,,54810.9,,,,,56305.3,,56956.0,,35998.4,30272.1,36294.0,35947.7,,,36651.176124,44182.2,,,,,,,,,,,,,,,,,,,,,,,,,,,,,,,,,,,,50364.0,,,,,,,52631.8,,,58142.8,,,56198.8,,,,,,,,,,,,,,,,63259.6,59115.3,60993.2,60372.0,,76554.3,,,,,,75408.1,93776.3,,,,,,,,,,,,8947.552448,,,,,,,9402.7,,,,,9735.5,,,,,,,,,,,,96675.0,,97317.9,88541.7,,,,,,10326.3,10397.8,,104834.2,,106395.9,110949.6,105165.6,,,,,,,,,,,,,,,,,,,,,,,,,,,,,,,,,,,,,,,,,,,,,,,,,,,,,,,,,,,,,,,,,,,,,,,,,,,,,,,,,,,,,,,,,,,,,,,,,,,,,,,,,,,,,,,,,,,,,,,,,,,,,,,,,,,,,,,,,,,,,,,,,,,,,,,,,,,,,,,,,,,,,,,,,,,,,,,,,,,,,,,,,,,,,,,,,,,,,,,,,,,,,,,,,,,,,,,,,,,,,,,,,,,,,,,,,,,,,,,,,,,,,,,,,,,,,,,,,,,,,,,,,,,,,,,,,,,,,,,,,,,,,,,,,,,,,,,,,,,,,,,,,,,,,,,,,,,,,,,,,,,,,,,,,
+F9,,,,,,,,,,,,,,,,,,,,,,,,,,,,,,,,,,,,,,,,,,,,,,,,,,,,,,,,,,,,,,,,,,,,,,,,,,,,,,,,,,,,,,,,,,,,,,,,,,,,,,,,,,,,,,,,,,,,,,,,,,,,,,,,,,,,,,,,,,,,,,,,,,,,,,,,,,,,,,,,,,,,,,,,,,,,,,,,,,,,,,,,,,,,,,,,,,,,,,,,,,,,,,,,,,,,,,,,,,,,,,,,,,,,,,,,,,,,,,,,,,,,,,,,,,,,,,,,,,,,,,,,,,,,,,,,,,,,,,,,,,,,,,,,,,,,,,,,,,,,,,,,,,,,,,,,,,,,,,,,,,,,,,,,,,,,,,,,,,,,,,,,,,,,,,,,,,,,,,,,192541.3,192429.7,162373.9,5702.5,6494.6,,5669.4,,,,905.9,892.6,887.3,882.017982,883.3,7488.6,7608.189809,7519.7,8517.2,8150.3,,141824.1,14324.1,145320.4,144825.2,16214.4,141566.5,147305.7,,,18845.5,,195490.9,18205.6,17940.7,18796.5,17988.9,,,,,18327.8,18452.816683,,,19138.6,,14759.5,,2128.7,2082.6,2096.0,11083.555444,,13328.068332,,13228.5,13200.6,13126.1,13241.4,,1758.8,1766.2,1763.3,216827.2,14758.7,214255.7,214714.0,213849.5,191675.8,14768.7,14760.4,212871.3,13927.4,167153.6,167955.338861,,173711.3,1817.4,,166481.8,,1580.5,,1571.0,2041.5,2126.1,,731.868132,,1542.2,1537.0,1823.1,1823.1,,1822.5,1759.1,1763.0,,15168.6,15255.231769,15213.3,16680.1,15235.704595,1826.6,276831.1,277937.9,249625.2,246794.6,,255584.8,,,,,,,352472.4,,351420.4,,3482.9,3702.7,351958.7,352438.2,,,,351115.5,,,,,,81592.7,,,29347.3,3770.3,,18829.2,34265.2,34239.4,34375.8,,,5270.8,5286.9,5337.8,5343.7,3664.1,5383.1,3706.449251,28167.3,,27967.7,26490.5,26608.0,27990.9,,442094.0,424518.9,415882.0,7519.6,410264.723776,7317.6,417892.1,7329.6,115084.3,3053.2,1534.1,3060.2,,72587.2,82623.9,81948.6,1536.0,79086.8,3064.8,,28016.5,50529.3,,50518.8,3792.3,,3808.6,49843.7,3823.5,50528.7,3828.5,3861.935365,3261.1,3367.017582,3158.3,3451.4,3208.4,3319.0,3372.7,3220.4,3335.333067,,,,,3677.1,,7052.0,7538.7,122846.6,121287.0,193536.6,,,44549.8,44404.8,4223.0,4252.414585,4267.618981,4246.6,4265.5,50443.4,50124.9,49876.7,82172.1,,82479.4,61556.7,45019.3,81668.7,49630.9,9935.9,,,9400.7,3742.533867,3748.1,,10411.3,9729.2,50766.2,10487.8,50020.8,4333.679121,5510.6,121553.2,121276.1,51055.0,4830.5,,50699.9,,,4041.396703,6686.6,4812.0,6718.9,6696.1,,,,,6584.6,,,,6661.134765,6170.8,6178.8,5945.2,6160.7,5965.2,5988.6,4800.057742,5670.8,5545.9,,,,,,,,,,,,,,,,,,,,,,,,,,,,,,,,,,,,,,,,,,,,,,,,,,,,,,,,,,,,,,,,,,,,,,,,,,,,,,,,,,,,,,,,,,,,,,,,,,,,,,,,,,,,,,,,,,,,,,,,,,,,,,,,,,,,,,,,,,,,,,,,,,,,,,,,,,,,,,,,,,,,,,,,,,,,,,,,,,,,,,,,,,,,,,,,,,,,,,,,,,,,,,,,,,,,,,,,,,,,,,,,,,,,,,,,,,,,,,,,,,,,,,,,,,,,,,,,,,,,,,,,,,,,,,,,,,,,,,,,,,,,,,,,,,,,,,,,,,,,,,,,,,,,,,,,,,,,,,,
Forked child 1,,,,,,,,,,,,,,,,,,,,,,,,,,,,,,,,,,,,,,,,,,,,,,,,,,,,,,,,,,,,,,,,,,,,,,,,,,,,,,,,,,,,,,,,,,,,,,,,,,,,,,,,,,,,,,,,,,,,,,,,,,,,,,,,,,,,,,,,,,,,,,,,,,,,,,,,,,,,,,,,,,,,,,,,,,,,,,,,,,,,,,,,,,,,,,,,,,,,,,,,,,,,,,,,,,,,,,,,,,,,,,,,,,,,,,,,,,,,,,,,,,,,,,,,,,,,,,,,,,,,,,,,,,,,,,,,,,,,,,,,,,,,,,,,,,,,,,,,,,,,,,,,,,,,,,,,,,,,,,,,,,,,,,,,,,,,,,,,,,,,,,,,,,,,,,,,,,,,,,,,,,,,,,,,,,,,,,,,,,,,,,,,,,,,,,,,,,,,,,,,,,,,,,,,,,,,,,,,,,,,,,,,,,,,,,,,,,,,,,,,,,,,,,,,,,,,,,,,,,,,,,,,,,,,,,,,,,,,,,,,,,,,,,,,,,,,,,,,,,,,,,,,,,,,,,,,,,,,,,,,,,,,,,,,,,,,,,,,,,,,,,,,,,,,,,,,,,,,,,,,,,,,,,,,,,,,,,,,,,,,,,,,,,,,,,,,,,,,,,,,,,,,,,,,,,,,,,,,,,,,,,,,,,,,,,,,,,,,,,,,,,,,,,,,,,,,,,,,,,,,,,,,,,,,,,,,,,,,,,,,,,,,,,,,,,,,,,,,,,,,,,,,,,,,,,,,,,,,,,,,,,,,,,,,,,,,,,,,,,,,,,,,,,,,,,,,,,,,,,,,,,,,,,,,,,,,,,,,,,,,,,,,,,,,,,,,,,,,,,,,,,,,,,,,,,,,,,,,,,,,,,,,,,,,,,,,,,,,,,,,,,,,,,,,,,,,,,,,,,,,,,,,,,,,,,,,,,,,,,,,,,,,,,,,,,,,,,,,,,,,,,,,,,,,,,,,,,,,,,,,,,,,,,,,,,,,,,,,,,,,,,,,,,,,,,,,,,
Forked child 2,,,,,,,,,,,,,,,,,,,,,,,,,,,,,,,,,,,,,,,,,,,,,,,,,,,,,,,,,,,,,,,,,,,,,,,,,,,,,,,,,,,,,,,,,,,,,,,,,,,,,,,,,,,,,,,,,,,,,,,,,,,,,,,,,,,,,,,,,,,,,,,,,,,,,,,,,,,,,,,,,,,,,,,,,,,,,,,,,,,,,,,,,,,,,,,,,,,,,,,,,,,,,,,,,,,,,,,,,,,,,,,,,,,,,,,,,,,,,,,,,,,,,,,,,,,,,,,,,,,,,,,,,,,,,,,,,,,,,,,,,,,,,,,,,,,,,,,,,,,,,,,,,,,,,,,,,,,,,,,,,,,,,,,,,,,,,,,,,,,,,,,,,,,,,,,,,,,,,,,,,,,,,,,,,,,,,,,,,,,,,,,,,,,,,,,,,,,,,,,,,,,,,,,,,,,,,,,,,,,,,,,,,,,,,,,,,,,,,,,,,,,,,,,,,,,,,,,,,,,,,,,,,,,,,,,,,,,,,,,,,,,,,,,,,,,,,,,,,,,,,,,,,,,,,,,,,,,,,,,,,,,,,,,,,,,,,,,,,,,,,,,,,,,,,,,,,,,,,,,,,,,,,,,,,,,,,,,,,,,,,,,,,,,,,,,,,,,,,,,,,,,,,,,,,,,,,,,,,,,,,,,,,,,,,,,,,,,,,,,,,,,,,,,,,,,,,,,,,,,,,,,,,,,,,,,,,,,,,,,,,,,,,,,,,,,,,,,,,,,,,,,,,,,,,,,,,,,,,,,,,,,,,,,,,,,,,,,,,,,,,,,,,,,,,,,,,,,,,,,,,,,,,,,,,,,,,,,,,,,,,,,,,,,,,,,,,,,,,,,,,,,,,,,,,,,,,,,,,,,,,,,,,,,,,,,,,,,,,,,,,,,,,,,,,,,,,,,,,,,,,,,,,,,,,,,,,,,,,,,,,,,,,,,,,,,,,,,,,,,,,,,,,,,,,,,,,,,,,,,,,,,,,,,,,,,,,,,,,,,,,,,,,,,,,,,,,,
Forked child 3,,,,,,,,,,,,,,,,,,,,,,,,,,,,,,,,,,,,,,,,,,,,,,,,,,,,,,,,,,,,,,,,,,,,,,,,,,,,,,,,,,,,,,,,,,,,,,,,,,,,,,,,,,,,,,,,,,,,,,,,,,,,,,,,,,,,,,,,,,,,,,,,,,,,,,,,,,,,,,,,,,,,,,,,,,,,,,,,,,,,,,,,,,,,,,,,,,,,,,,,,,,,,,,,,,,,,,,,,,,,,,,,,,,,,,,,,,,,,,,,,,,,,,,,,,,,,,,,,,,,,,,,,,,,,,,,,,,,,,,,,,,,,,,,,,,,,,,,,,,,,,,,,,,,,,,,,,,,,,,,,,,,,,,,,,,,,,,,,,,,,,,,,,,,,,,,,,,,,,,,,,,,,,,,,,,,,,,,,,,,,,,,,,,,,,,,,,,,,,,,,,,,,,,,,,,,,,,,,,,,,,,,,,,,,,,,,,,,,,,,,,,,,,,,,,,,,,,,,,,,,,,,,,,,,,,,,,,,,,,,,,,,,,,,,,,,,,,,,,,,,,,,,,,,,,,,,,,,,,,,,,,,,,,,,,,,,,,,,,,,,,,,,,,,,,,,,,,,,,,,,,,,,,,,,,,,,,,,,,,,,,,,,,,,,,,,,,,,,,,,,,,,,,,,,,,,,,,,,,,,,,,,,,,,,,,,,,,,,,,,,,,,,,,,,,,,,,,,,,,,,,,,,,,,,,,,,,,,,,,,,,,,,,,,,,,,,,,,,,,,,,,,,,,,,,,,,,,,,,,,,,,,,,,,,,,,,,,,,,,,,,,,,,,,,,,,,,,,,,,,,,,,,,,,,,,,,,,,,,,,,,,,,,,,,,,,,,,,,,,,,,,,,,,,,,,,,,,,,,,,,,,,,,,,,,,,,,,,,,,,,,,,,,,,,,,,,,,,,,,,,,,,,,,,,,,,,,,,,,,,,,,,,,,,,,,,,,,,,,,,,,,,,,,,,,,,,,,,,,,,,,,,,,,,,,,,,,,,,,,,,,,,,,,,,,,,,,
Forked child 4,,,,,,,,,,,,,,,,,,,,,,,,,,,,,,,,,,,,,,,,,,,,,,,,,,,,,,,,,,,,,,,,,,,,,,,,,,,,,,,,,,,,,,,,,,,,,,,,,,,,,,,,,,,,,,,,,,,,,,,,,,,,,,,,,,,,,,,,,,,,,,,,,,,,,,,,,,,,,,,,,,,,,,,,,,,,,,,,,,,,,,,,,,,,,,,,,,,,,,,,,,,,,,,,,,,,,,,,,,,,,,,,,,,,,,,,,,,,,,,,,,,,,,,,,,,,,,,,,,,,,,,,,,,,,,,,,,,,,,,,,,,,,,,,,,,,,,,,,,,,,,,,,,,,,,,,,,,,,,,,,,,,,,,,,,,,,,,,,,,,,,,,,,,,,,,,,,,,,,,,,,,,,,,,,,,,,,,,,,,,,,,,,,,,,,,,,,,,,,,,,,,,,,,,,,,,,,,,,,,,,,,,,,,,,,,,,,,,,,,,,,,,,,,,,,,,,,,,,,,,,,,,,,,,,,,,,,,,,,,,,,,,,,,,,,,,,,,,,,,,,,,,,,,,,,,,,,,,,,,,,,,,,,,,,,,,,,,,,,,,,,,,,,,,,,,,,,,,,,,,,,,,,,,,,,,,,,,,,,,,,,,,,,,,,,,,,,,,,,,,,,,,,,,,,,,,,,,,,,,,,,,,,,,,,,,,,,,,,,,,,,,,,,,,,,,,,,,,,,,,,,,,,,,,,,,,,,,,,,,,,,,,,,,,,,,,,,,,,,,,,,,,,,,,,,,,,,,,,,,,,,,,,,,,,,,,,,,,,,,,,,,,,,,,,,,,,,,,,,,,,,,,,,,,,,,,,,,,,,,,,,,,,,,,,,,,,,,,,,,,,,,,,,,,,,,,,,,,,,,,,,,,,,,,,,,,,,,,,,,,,,,,,,,,,,,,,,,,,,,,,,,,,,,,,,,,,,,,,,,,,,,,,,,,,,,,,,,,,,,,,,,,,,,,,,,,,,,,,,,,,,,,,,,,,,,,,,,,,,,,,,,,,,,,,,,,,,
Forked child 5,,,,,,,,,,,,,,,,,,,,,,,,,,,,,,,,,,,,,,,,,,,,,,,,,,,,,,,,,,,,,,,,,,,,,,,,,,,,,,,,,,,,,,,,,,,,,,,,,,,,,,,,,,,,,,,,,,,,,,,,,,,,,,,,,,,,,,,,,,,,,,,,,,,,,,,,,,,,,,,,,,,,,,,,,,,,,,,,,,,,,,,,,,,,,,,,,,,,,,,,,,,,,,,,,,,,,,,,,,,,,,,,,,,,,,,,,,,,,,,,,,,,,,,,,,,,,,,,,,,,,,,,,,,,,,,,,,,,,,,,,,,,,,,,,,,,,,,,,,,,,,,,,,,,,,,,,,,,,,,,,,,,,,,,,,,,,,,,,,,,,,,,,,,,,,,,,,,,,,,,,,,,,,,,,,,,,,,,,,,,,,,,,,,,,,,,,,,,,,,,,,,,,,,,,,,,,,,,,,,,,,,,,,,,,,,,,,,,,,,,,,,,,,,,,,,,,,,,,,,,,,,,,,,,,,,,,,,,,,,,,,,,,,,,,,,,,,,,,,,,,,,,,,,,,,,,,,,,,,,,,,,,,,,,,,,,,,,,,,,,,,,,,,,,,,,,,,,,,,,,,,,,,,,,,,,,,,,,,,,,,,,,,,,,,,,,,,,,,,,,,,,,,,,,,,,,,,,,,,,,,,,,,,,,,,,,,,,,,,,,,,,,,,,,,,,,,,,,,,,,,,,,,,,,,,,,,,,,,,,,,,,,,,,,,,,,,,,,,,,,,,,,,,,,,,,,,,,,,,,,,,,,,,,,,,,,,,,,,,,,,,,,,,,,,,,,,,,,,,,,,,,,,,,,,,,,,,,,,,,,,,,,,,,,,,,,,,,,,,,,,,,,,,,,,,,,,,,,,,,,,,,,,,,,,,,,,,,,,,,,,,,,,,,,,,,,,,,,,,,,,,,,,,,,,,,,,,,,,,,,,,,,,,,,,,,,,,,,,,,,,,,,,,,,,,,,,,,,,,,,,,,,,,,,,,,,,,,,,,,,,,,,,,,,,,,,,,
Forked child 6,,,,,,,,,,,,,,,,,,,,,,,,,,,,,,,,,,,,,,,,,,,,,,,,,,,,,,,,,,,,,,,,,,,,,,,,,,,,,,,,,,,,,,,,,,,,,,,,,,,,,,,,,,,,,,,,,,,,,,,,,,,,,,,,,,,,,,,,,,,,,,,,,,,,,,,,,,,,,,,,,,,,,,,,,,,,,,,,,,,,,,,,,,,,,,,,,,,,,,,,,,,,,,,,,,,,,,,,,,,,,,,,,,,,,,,,,,,,,,,,,,,,,,,,,,,,,,,,,,,,,,,,,,,,,,,,,,,,,,,,,,,,,,,,,,,,,,,,,,,,,,,,,,,,,,,,,,,,,,,,,,,,,,,,,,,,,,,,,,,,,,,,,,,,,,,,,,,,,,,,,,,,,,,,,,,,,,,,,,,,,,,,,,,,,,,,,,,,,,,,,,,,,,,,,,,,,,,,,,,,,,,,,,,,,,,,,,,,,,,,,,,,,,,,,,,,,,,,,,,,,,,,,,,,,,,,,,,,,,,,,,,,,,,,,,,,,,,,,,,,,,,,,,,,,,,,,,,,,,,,,,,,,,,,,,,,,,,,,,,,,,,,,,,,,,,,,,,,,,,,,,,,,,,,,,,,,,,,,,,,,,,,,,,,,,,,,,,,,,,,,,,,,,,,,,,,,,,,,,,,,,,,,,,,,,,,,,,,,,,,,,,,,,,,,,,,,,,,,,,,,,,,,,,,,,,,,,,,,,,,,,,,,,,,,,,,,,,,,,,,,,,,,,,,,,,,,,,,,,,,,,,,,,,,,,,,,,,,,,,,,,,,,,,,,,,,,,,,,,,,,,,,,,,,,,,,,,,,,,,,,,,,,,,,,,,,,,,,,,,,,,,,,,,,,,,,,,,,,,,,,,,,,,,,,,,,,,,,,,,,,,,,,,,,,,,,,,,,,,,,,,,,,,,,,,,,,,,,,,,,,,,,,,,,,,,,,,,,,,,,,,,,,,,,,,,,,,,,,,,,,,,,,,,,,,,,,,,,,,,,,,,,,,,,,,,,,,
Forked child 7,,,,,,,,,,,,,,,,,,,,,,,,,,,,,,,,,,,,,,,,,,,,,,,,,,,,,,,,,,,,,,,,,,,,,,,,,,,,,,,,,,,,,,,,,,,,,,,,,,,,,,,,,,,,,,,,,,,,,,,,,,,,,,,,,,,,,,,,,,,,,,,,,,,,,,,,,,,,,,,,,,,,,,,,,,,,,,,,,,,,,,,,,,,,,,,,,,,,,,,,,,,,,,,,,,,,,,,,,,,,,,,,,,,,,,,,,,,,,,,,,,,,,,,,,,,,,,,,,,,,,,,,,,,,,,,,,,,,,,,,,,,,,,,,,,,,,,,,,,,,,,,,,,,,,,,,,,,,,,,,,,,,,,,,,,,,,,,,,,,,,,,,,,,,,,,,,,,,,,,,,,,,,,,,,,,,,,,,,,,,,,,,,,,,,,,,,,,,,,,,,,,,,,,,,,,,,,,,,,,,,,,,,,,,,,,,,,,,,,,,,,,,,,,,,,,,,,,,,,,,,,,,,,,,,,,,,,,,,,,,,,,,,,,,,,,,,,,,,,,,,,,,,,,,,,,,,,,,,,,,,,,,,,,,,,,,,,,,,,,,,,,,,,,,,,,,,,,,,,,,,,,,,,,,,,,,,,,,,,,,,,,,,,,,,,,,,,,,,,,,,,,,,,,,,,,,,,,,,,,,,,,,,,,,,,,,,,,,,,,,,,,,,,,,,,,,,,,,,,,,,,,,,,,,,,,,,,,,,,,,,,,,,,,,,,,,,,,,,,,,,,,,,,,,,,,,,,,,,,,,,,,,,,,,,,,,,,,,,,,,,,,,,,,,,,,,,,,,,,,,,,,,,,,,,,,,,,,,,,,,,,,,,,,,,,,,,,,,,,,,,,,,,,,,,,,,,,,,,,,,,,,,,,,,,,,,,,,,,,,,,,,,,,,,,,,,,,,,,,,,,,,,,,,,,,,,,,,,,,,,,,,,,,,,,,,,,,,,,,,,,,,,,,,,,,,,,,,,,,,,,,,,,,,,,,,,,,,,,,,,,,,,,,,,,,,,,,
Got,,,,,,,,,,,,,,,,,,,,,,,,,,,,,,,,,,,,,,,,,,,,,,,,,,,,,,,,,,,,,,,,,,,,,,,,,,,,,,,,,,,,,,,,,,,,,,,,,,,,,,,,,,,,,,,,,,,,,,,,,,,,,,,,,,,,,,,,,,,,,,,,,,,,,,,,,,,,,,,,,,,,,,,,,,,,,,,,,,,,,,,,,,,,,,,,,,,,,,,,,,,,,,,,,,,,,,,,,,,,,,,,,,,,,,,,,,,,,,,,,,,,,,,,,,,,,,,,,,,,,,,,,,,,,,,,,,,,,,,,,,,,,,,,,,,,,,,,,,,,,,,,,,,,,,,,,,,,,,,,,,,,,,,,,,,,,,,,,,,,,,,,,,,,,,,,,,,,,,,,,,,,,,,,,4019.834781220002,,,,,,,,,,,,,,,,,,,,4210.025333333333,,,,,,,,,,,,,,,,,,,,,,,,,,1285.989321333333,,,,,,,,,,,,,,,,,,,,,,,,,,,,,,,,,,,,,,,731.6850988933332,,,,,,,,,,,,,,,,,,,59083.926666666666,5873.541333333333,,,,,,,,,,,,37819.161333333344,,,,,,,928.5571881333335,,,,,,9014.780000000002,,,,,13306.205301366665,1166.3075191466667,,,,,,,,,,,,,,250.16955446666665,,,,,,,,,,,,,,,,,,,,,,,,,,,,,,,,,,,,,,,,,,,,,,,,,,,,,,,,,,,,,,,,,,,,,,,,,,,,,,,,,,,,,,,,,,,,,,,,,,,,,8496.30128005333,,,,,,,,,,,,,,,,,,,,,,,,,,,,,,,,,,,,,,,,,,,,,,,,,,,,,,,,,,,,,,,,,,,,,,,,,,,,,,,,,,,,,,,,,,,,,,,,,,,,,,,,,,,,,,,,,,,,,,,,,,,,,,,,,,,,,,,,,,,,,,,,,,,,,,,,,,,,,,,,,,,,,,,,,,,,,,,,,,,,,,,,,,,,,,,,,,,,,,,,,,,,,,,,,,,,,,,,,,,,,,,,,,,,,,,,,,,,,,,,,,,,,,,,,,,,,,,,,,,,,,,,,,,,,,,,,,,,,,,,,,,,,,,,,,,,,,,,,,,,,,,,,,,,,,,,,,,,,,,,,,,,,,,,,,,,,,
dilithium2,,,,,,,,,,,,,,,,,,,,,,,,,,,,,,,,,,,,,,,,,,,,,,,,,,,,,,,,,,,,,,,,,,,,,,,,,,,,,,,,,,,,,,,,,,,,,,,,,,,,,,,,,,,,,,,,,,,,,,,,,,,,,,,,,,,,,,,,,,,,,,,,,,,,,,,,,,,,,,,,,,,,,,,,,,,,,,,,,,,,,,,,,,,,,,,,,,,,,,,,,,,,,,,,,,,,,,,,,,,,,,,,,,,,,,,,,,,,,,,,,,,,,,,,,,,,,,,,,,,,,,,,,,,,,,,,,,,,,,,,,,,,,,,,,,,,,,,,,,,,,,,,,,,,,,,,,,,,,,,,,,,,,,,,,,,,,,,,,,,,,,,,,,,,,,,,,,,,,,,,,,,,,,,,,,,,,,,,,,,,,,,,,,,,,,,,,,,,,,,,,,,,,,,,,,,,,,,,,,,,,,,,,,,,,,,,,,,,,,,,,,,,,,,,,,,,,,,,,,,,,,,,,,,,,,,,,,,,,,,,,,,,,,,,,,,,,,,,,,,,,,,,,,,,,,,,,,,,,,,,,,,,,,,,,,,,,,,,,,,,,,,,,,,,,,,,,,,,,,,,,,,,,,,,,,,,,,,,,,,,,,,,,,,,,,,,,,,,,,,,,,,,,,,,,,,,,,,,,,,,,,,,,,,,,,,,,,,,,,,,,,,,,,,,,,,,,,,,,,,,,,,,,,,,,,,,,,,,,,,,,,,,,,,,,,,,,,,,,,,,,,,,,,,,,,,,,,,,,,,,,,,,,,,,,,,,,,,,,,,,,,,,,,,,,,,,,,,,,,,,,,,,,,,,,,,,,,,,,,,,,,,,,,,,,,,,,,,,,,,,,,,,,,,,,,,,,,,,,,,,,,,,,,,,,,,,,,,,,,,,,,,,,,,,,,,,,,,,,,,,,,,,,,,,,,,,,,,,,,,,,,,,,,,,,,,,,,,,,,,,,,,,,,,,,,,,,,,,,,,,,,,,,,,,,,,,,,,,,,,,,,,,,,,,,,,,,,
dilithium3,,,,,,,,,,,,,,,,,,,,,,,,,,,,,,,,,,,,,,,,,,,,,,,,,,,,,,,,,,,,,,,,,,,,,,,,,,,,,,,,,,,,,,,,,,,,,,,,,,,,,,,,,,,,,,,,,,,,,,,,,,,,,,,,,,,,,,,,,,,,,,,,,,,,,,,,,,,,,,,,,,,,,,,,,,,,,,,,,,,,,,,,,,,,,,,,,,,,,,,,,,,,,,,,,,,,,,,,,,,,,,,,,,,,,,,,,,,,,,,,,,,,,,,,,,,,,,,,,,,,,,,,,,,,,,,,,,,,,,,,,,,,,,,,,,,,,,,,,,,,,,,,,,,,,,,,,,,,,,,,,,,,,,,,,,,,,,,,,,,,,,,,,,,,,,,,,,,,,,,,,,,,,,,,,,,,,,,,,,,,,,,,,,,,,,,,,,,,,,,,,,,,,,,,,,,,,,,,,,,,,,,,,,,,,,,,,,,,,,,,,,,,,,,,,,,,,,,,,,,,,,,,,,,,,,,,,,,,,,,,,,,,,,,,,,,,,,,,,,,,,,,,,,,,,,,,,,,,,,,,,,,,,,,,,,,,,,,,,,,,,,,,,,,,,,,,,,,,,,,,,,,,,,,,,,,,,,,,,,,,,,,,,,,,,,,,,,,,,,,,,,,,,,,,,,,,,,,,,,,,,,,,,,,,,,,,,,,,,,,,,,,,,,,,,,,,,,,,,,,,,,,,,,,,,,,,,,,,,,,,,,,,,,,,,,,,,,,,,,,,,,,,,,,,,,,,,,,,,,,,,,,,,,,,,,,,,,,,,,,,,,,,,,,,,,,,,,,,,,,,,,,,,,,,,,,,,,,,,,,,,,,,,,,,,,,,,,,,,,,,,,,,,,,,,,,,,,,,,,,,,,,,,,,,,,,,,,,,,,,,,,,,,,,,,,,,,,,,,,,,,,,,,,,,,,,,,,,,,,,,,,,,,,,,,,,,,,,,,,,,,,,,,,,,,,,,,,,,,,,,,,,,,,,,,,,,,,,,,,,,,,,,,,,,,,,,,,
dilithium5,,,,,,,,,,,,,,,,,,,,,,,,,,,,,,,,,,,,,,,,,,,,,,,,,,,,,,,,,,,,,,,,,,,,,,,,,,,,,,,,,,,,,,,,,,,,,,,,,,,,,,,,,,,,,,,,,,,,,,,,,,,,,,,,,,,,,,,,,,,,,,,,,,,,,,,,,,,,,,,,,,,,,,,,,,,,,,,,,,,,,,,,,,,,,,,,,,,,,,,,,,,,,,,,,,,,,,,,,,,,,,,,,,,,,,,,,,,,,,,,,,,,,,,,,,,,,,,,,,,,,,,,,,,,,,,,,,,,,,,,,,,,,,,,,,,,,,,,,,,,,,,,,,,,,,,,,,,,,,,,,,,,,,,,,,,,,,,,,,,,,,,,,,,,,,,,,,,,,,,,,,,,,,,,,,,,,,,,,,,,,,,,,,,,,,,,,,,,,,,,,,,,,,,,,,,,,,,,,,,,,,,,,,,,,,,,,,,,,,,,,,,,,,,,,,,,,,,,,,,,,,,,,,,,,,,,,,,,,,,,,,,,,,,,,,,,,,,,,,,,,,,,,,,,,,,,,,,,,,,,,,,,,,,,,,,,,,,,,,,,,,,,,,,,,,,,,,,,,,,,,,,,,,,,,,,,,,,,,,,,,,,,,,,,,,,,,,,,,,,,,,,,,,,,,,,,,,,,,,,,,,,,,,,,,,,,,,,,,,,,,,,,,,,,,,,,,,,,,,,,,,,,,,,,,,,,,,,,,,,,,,,,,,,,,,,,,,,,,,,,,,,,,,,,,,,,,,,,,,,,,,,,,,,,,,,,,,,,,,,,,,,,,,,,,,,,,,,,,,,,,,,,,,,,,,,,,,,,,,,,,,,,,,,,,,,,,,,,,,,,,,,,,,,,,,,,,,,,,,,,,,,,,,,,,,,,,,,,,,,,,,,,,,,,,,,,,,,,,,,,,,,,,,,,,,,,,,,,,,,,,,,,,,,,,,,,,,,,,,,,,,,,,,,,,,,,,,,,,,,,,,,,,,,,,,,,,,,,,,,,,,,,,,,,,,,,,,
falcon1024,,,,,,,,,,,,,,,,,,,,,,,,,,,,,,,,,,,,,,,,,,,,,,,,,,,,,,,,,,,,,,,,,,,,,,,,,,,,,,,,,,,,,,,,,,,,,,,,,,,,,,,,,,,,,,,,,,,,,,,,,,,,,,,,,,,,,,,,,,,,,,,,,,,,,,,,,,,,,,,,,,,,,,,,,,,,,,,,,,,,,,,,,,,,,,,,,,,,,,,,,,,,,,,,,,,,,,,,,,,,,,,,,,,,,,,,,,,,,,,,,,,,,,,,,,,,,,,,,,,,,,,,,,,,,,,,,,,,,,,,,,,,,,,,,,,,,,,,,,,,,,,,,,,,,,,,,,,,,,,,,,,,,,,,,,,,,,,,,,,,,,,,,,,,,,,,,,,,,,,,,,,,,,,,,,,,,,,,,,,,,,,,,,,,,,,,,,,,,,,,,,,,,,,,,,,,,,,,,,,,,,,,,,,,,,,,,,,,,,,,,,,,,,,,,,,,,,,,,,,,,,,,,,,,,,,,,,,,,,,,,,,,,,,,,,,,,,,,,,,,,,,,,,,,,,,,,,,,,,,,,,,,,,,,,,,,,,,,,,,,,,,,,,,,,,,,,,,,,,,,,,,,,,,,,,,,,,,,,,,,,,,,,,,,,,,,,,,,,,,,,,,,,,,,,,,,,,,,,,,,,,,,,,,,,,,,,,,,,,,,,,,,,,,,,,,,,,,,,,,,,,,,,,,,,,,,,,,,,,,,,,,,,,,,,,,,,,,,,,,,,,,,,,,,,,,,,,,,,,,,,,,,,,,,,,,,,,,,,,,,,,,,,,,,,,,,,,,,,,,,,,,,,,,,,,,,,,,,,,,,,,,,,,,,,,,,,,,,,,,,,,,,,,,,,,,,,,,,,,,,,,,,,,,,,,,,,,,,,,,,,,,,,,,,,,,,,,,,,,,,,,,,,,,,,,,,,,,,,,,,,,,,,,,,,,,,,,,,,,,,,,,,,,,,,,,,,,,,,,,,,,,,,,,,,,,,,,,,,,,,,,,,,,,,,,,,,,
falcon512,,,,,,,,,,,,,,,,,,,,,,,,,,,,,,,,,,,,,,,,,,,,,,,,,,,,,,,,,,,,,,,,,,,,,,,,,,,,,,,,,,,,,,,,,,,,,,,,,,,,,,,,,,,,,,,,,,,,,,,,,,,,,,,,,,,,,,,,,,,,,,,,,,,,,,,,,,,,,,,,,,,,,,,,,,,,,,,,,,,,,,,,,,,,,,,,,,,,,,,,,,,,,,,,,,,,,,,,,,,,,,,,,,,,,,,,,,,,,,,,,,,,,,,,,,,,,,,,,,,,,,,,,,,,,,,,,,,,,,,,,,,,,,,,,,,,,,,,,,,,,,,,,,,,,,,,,,,,,,,,,,,,,,,,,,,,,,,,,,,,,,,,,,,,,,,,,,,,,,,,,,,,,,,,,,,,,,,,,,,,,,,,,,,,,,,,,,,,,,,,,,,,,,,,,,,,,,,,,,,,,,,,,,,,,,,,,,,,,,,,,,,,,,,,,,,,,,,,,,,,,,,,,,,,,,,,,,,,,,,,,,,,,,,,,,,,,,,,,,,,,,,,,,,,,,,,,,,,,,,,,,,,,,,,,,,,,,,,,,,,,,,,,,,,,,,,,,,,,,,,,,,,,,,,,,,,,,,,,,,,,,,,,,,,,,,,,,,,,,,,,,,,,,,,,,,,,,,,,,,,,,,,,,,,,,,,,,,,,,,,,,,,,,,,,,,,,,,,,,,,,,,,,,,,,,,,,,,,,,,,,,,,,,,,,,,,,,,,,,,,,,,,,,,,,,,,,,,,,,,,,,,,,,,,,,,,,,,,,,,,,,,,,,,,,,,,,,,,,,,,,,,,,,,,,,,,,,,,,,,,,,,,,,,,,,,,,,,,,,,,,,,,,,,,,,,,,,,,,,,,,,,,,,,,,,,,,,,,,,,,,,,,,,,,,,,,,,,,,,,,,,,,,,,,,,,,,,,,,,,,,,,,,,,,,,,,,,,,,,,,,,,,,,,,,,,,,,,,,,,,,,,,,,,,,,,,,,,,,,,,,,,,,,,,,,,,,,
frodo1344aes,,,,,,,,,,,,,,,,,,,,,,,,,,,,,,,,,,,,,,,,,,,,,,,,,,,,,,,,,,,,,,,,,,,,,,,,,,,,,,,,,,,,,,,,,,,,,,,,,,,,,,,,,,,,,,,,,,,,,,,,,,,,,,,,,,,,,,,,,,,,,,,,,,,,,,,,,,,,,,,,,,,,,,,,,,,,,,,,,,,,,,,,,,,,,,,,,,,,,,,,,,,,,,,,,,,,,,,,,,,,,,,,,,,,,,,,,,,,,,,,,,,,,,,,,,,,,,,,,,,,,,,,,,,,,,,,,,,,,,,,,,,,,,,,,,,,,,,,,,,,,,,,,,,,,,,,,,,,,,,,,,,,,,,,,,,,,,,,,,,,,,,,,,,,,,,,,,,,,,,,,,,,,,,,,,,,,,,,,,,,,,,,,,,,,,,,,,,,,,,,,,,,,,,,,,,,,,,,,,,,,,,,,,,,,,,,,,,,,,,,,,,,,,,,,,,,,,,,,,,,,,,,,,,,,,,,,,,,,,,,,,,,,,,,,,,,,,,,,,,,,,,,,,,,,,,,,,,,,,,,,,,,,,,,,,,,,,,,,,,,,,,,,,,,,,,,,,,,,,,,,,,,,,,,,,,,,,,,,,,,,,,,,,,,,,,,,,,,,,,,,,,,,,,,,,,,,,,,,,,,,,,,,,,,,,,,,,,,,,,,,,,,,,,,,,,,,,,,,,,,,,,,,,,,,,,,,,,,,,,,,,,,,,,,,,,,,,,,,,,,,,,,,,,,,,,,,,,,,,,,,,,,,,,,,,,,,,,,,,,,,,,,,,,,,,,,,,,,,,,,,,,,,,,,,,,,,,,,,,,,,,,,,,,,,,,,,,,,,,,,,,,,,,,,,,,,,,,,,,,,,,,,,,,,,,,,,,,,,,,,,,,,,,,,,,,,,,,,,,,,,,,,,,,,,,,,,,,,,,,,,,,,,,,,,,,,,,,,,,,,,,,,,,,,,,,,,,,,,,,,,,,,,,,,,,,,,,,,,,,,,,,,,,,,,,,,,,
frodo640aes,,,,,,,,,,,,,,,,,,,,,,,,,,,,,,,,,,,,,,,,,,,,,,,,,,,,,,,,,,,,,,,,,,,,,,,,,,,,,,,,,,,,,,,,,,,,,,,,,,,,,,,,,,,,,,,,,,,,,,,,,,,,,,,,,,,,,,,,,,,,,,,,,,,,,,,,,,,,,,,,,,,,,,,,,,,,,,,,,,,,,,,,,,,,,,,,,,,,,,,,,,,,,,,,,,,,,,,,,,,,,,,,,,,,,,,,,,,,,,,,,,,,,,,,,,,,,,,,,,,,,,,,,,,,,,,,,,,,,,,,,,,,,,,,,,,,,,,,,,,,,,,,,,,,,,,,,,,,,,,,,,,,,,,,,,,,,,,,,,,,,,,,,,,,,,,,,,,,,,,,,,,,,,,,,,,,,,,,,,,,,,,,,,,,,,,,,,,,,,,,,,,,,,,,,,,,,,,,,,,,,,,,,,,,,,,,,,,,,,,,,,,,,,,,,,,,,,,,,,,,,,,,,,,,,,,,,,,,,,,,,,,,,,,,,,,,,,,,,,,,,,,,,,,,,,,,,,,,,,,,,,,,,,,,,,,,,,,,,,,,,,,,,,,,,,,,,,,,,,,,,,,,,,,,,,,,,,,,,,,,,,,,,,,,,,,,,,,,,,,,,,,,,,,,,,,,,,,,,,,,,,,,,,,,,,,,,,,,,,,,,,,,,,,,,,,,,,,,,,,,,,,,,,,,,,,,,,,,,,,,,,,,,,,,,,,,,,,,,,,,,,,,,,,,,,,,,,,,,,,,,,,,,,,,,,,,,,,,,,,,,,,,,,,,,,,,,,,,,,,,,,,,,,,,,,,,,,,,,,,,,,,,,,,,,,,,,,,,,,,,,,,,,,,,,,,,,,,,,,,,,,,,,,,,,,,,,,,,,,,,,,,,,,,,,,,,,,,,,,,,,,,,,,,,,,,,,,,,,,,,,,,,,,,,,,,,,,,,,,,,,,,,,,,,,,,,,,,,,,,,,,,,,,,,,,,,,,,,,,,,,,,,,,,,,,,,,,
frodo976aes,,,,,,,,,,,,,,,,,,,,,,,,,,,,,,,,,,,,,,,,,,,,,,,,,,,,,,,,,,,,,,,,,,,,,,,,,,,,,,,,,,,,,,,,,,,,,,,,,,,,,,,,,,,,,,,,,,,,,,,,,,,,,,,,,,,,,,,,,,,,,,,,,,,,,,,,,,,,,,,,,,,,,,,,,,,,,,,,,,,,,,,,,,,,,,,,,,,,,,,,,,,,,,,,,,,,,,,,,,,,,,,,,,,,,,,,,,,,,,,,,,,,,,,,,,,,,,,,,,,,,,,,,,,,,,,,,,,,,,,,,,,,,,,,,,,,,,,,,,,,,,,,,,,,,,,,,,,,,,,,,,,,,,,,,,,,,,,,,,,,,,,,,,,,,,,,,,,,,,,,,,,,,,,,,,,,,,,,,,,,,,,,,,,,,,,,,,,,,,,,,,,,,,,,,,,,,,,,,,,,,,,,,,,,,,,,,,,,,,,,,,,,,,,,,,,,,,,,,,,,,,,,,,,,,,,,,,,,,,,,,,,,,,,,,,,,,,,,,,,,,,,,,,,,,,,,,,,,,,,,,,,,,,,,,,,,,,,,,,,,,,,,,,,,,,,,,,,,,,,,,,,,,,,,,,,,,,,,,,,,,,,,,,,,,,,,,,,,,,,,,,,,,,,,,,,,,,,,,,,,,,,,,,,,,,,,,,,,,,,,,,,,,,,,,,,,,,,,,,,,,,,,,,,,,,,,,,,,,,,,,,,,,,,,,,,,,,,,,,,,,,,,,,,,,,,,,,,,,,,,,,,,,,,,,,,,,,,,,,,,,,,,,,,,,,,,,,,,,,,,,,,,,,,,,,,,,,,,,,,,,,,,,,,,,,,,,,,,,,,,,,,,,,,,,,,,,,,,,,,,,,,,,,,,,,,,,,,,,,,,,,,,,,,,,,,,,,,,,,,,,,,,,,,,,,,,,,,,,,,,,,,,,,,,,,,,,,,,,,,,,,,,,,,,,,,,,,,,,,,,,,,,,,,,,,,,,,,,,,,,,,,,,,,,,,,,,,
kyber1024,,,,,,,,,,,,,,,,,,,,,,,,,,,,,,,,,,,,,,,,,,,,,,,,,,,,,,,,,,,,,,,,,,,,,,,,,,,,,,,,,,,,,,,,,,,,,,,,,,,,,,,,,,,,,,,,,,,,,,,,,,,,,,,,,,,,,,,,,,,,,,,,,,,,,,,,,,,,,,,,,,,,,,,,,,,,,,,,,,,,,,,,,,,,,,,,,,,,,,,,,,,,,,,,,,,,,,,,,,,,,,,,,,,,,,,,,,,,,,,,,,,,,,,,,,,,,,,,,,,,,,,,,,,,,,,,,,,,,,,,,,,,,,,,,,,,,,,,,,,,,,,,,,,,,,,,,,,,,,,,,,,,,,,,,,,,,,,,,,,,,,,,,,,,,,,,,,,,,,,,,,,,,,,,,,,,,,,,,,,,,,,,,,,,,,,,,,,,,,,,,,,,,,,,,,,,,,,,,,,,,,,,,,,,,,,,,,,,,,,,,,,,,,,,,,,,,,,,,,,,,,,,,,,,,,,,,,,,,,,,,,,,,,,,,,,,,,,,,,,,,,,,,,,,,,,,,,,,,,,,,,,,,,,,,,,,,,,,,,,,,,,,,,,,,,,,,,,,,,,,,,,,,,,,,,,,,,,,,,,,,,,,,,,,,,,,,,,,,,,,,,,,,,,,,,,,,,,,,,,,,,,,,,,,,,,,,,,,,,,,,,,,,,,,,,,,,,,,,,,,,,,,,,,,,,,,,,,,,,,,,,,,,,,,,,,,,,,,,,,,,,,,,,,,,,,,,,,,,,,,,,,,,,,,,,,,,,,,,,,,,,,,,,,,,,,,,,,,,,,,,,,,,,,,,,,,,,,,,,,,,,,,,,,,,,,,,,,,,,,,,,,,,,,,,,,,,,,,,,,,,,,,,,,,,,,,,,,,,,,,,,,,,,,,,,,,,,,,,,,,,,,,,,,,,,,,,,,,,,,,,,,,,,,,,,,,,,,,,,,,,,,,,,,,,,,,,,,,,,,,,,,,,,,,,,,,,,,,,,,,,,,,,,,,,,,,,,
kyber512,,,,,,,,,,,,,,,,,,,,,,,,,,,,,,,,,,,,,,,,,,,,,,,,,,,,,,,,,,,,,,,,,,,,,,,,,,,,,,,,,,,,,,,,,,,,,,,,,,,,,,,,,,,,,,,,,,,,,,,,,,,,,,,,,,,,,,,,,,,,,,,,,,,,,,,,,,,,,,,,,,,,,,,,,,,,,,,,,,,,,,,,,,,,,,,,,,,,,,,,,,,,,,,,,,,,,,,,,,,,,,,,,,,,,,,,,,,,,,,,,,,,,,,,,,,,,,,,,,,,,,,,,,,,,,,,,,,,,,,,,,,,,,,,,,,,,,,,,,,,,,,,,,,,,,,,,,,,,,,,,,,,,,,,,,,,,,,,,,,,,,,,,,,,,,,,,,,,,,,,,,,,,,,,,,,,,,,,,,,,,,,,,,,,,,,,,,,,,,,,,,,,,,,,,,,,,,,,,,,,,,,,,,,,,,,,,,,,,,,,,,,,,,,,,,,,,,,,,,,,,,,,,,,,,,,,,,,,,,,,,,,,,,,,,,,,,,,,,,,,,,,,,,,,,,,,,,,,,,,,,,,,,,,,,,,,,,,,,,,,,,,,,,,,,,,,,,,,,,,,,,,,,,,,,,,,,,,,,,,,,,,,,,,,,,,,,,,,,,,,,,,,,,,,,,,,,,,,,,,,,,,,,,,,,,,,,,,,,,,,,,,,,,,,,,,,,,,,,,,,,,,,,,,,,,,,,,,,,,,,,,,,,,,,,,,,,,,,,,,,,,,,,,,,,,,,,,,,,,,,,,,,,,,,,,,,,,,,,,,,,,,,,,,,,,,,,,,,,,,,,,,,,,,,,,,,,,,,,,,,,,,,,,,,,,,,,,,,,,,,,,,,,,,,,,,,,,,,,,,,,,,,,,,,,,,,,,,,,,,,,,,,,,,,,,,,,,,,,,,,,,,,,,,,,,,,,,,,,,,,,,,,,,,,,,,,,,,,,,,,,,,,,,,,,,,,,,,,,,,,,,,,,,,,,,,,,,,,,,,,,,,,,,,,,,,,,,
kyber768,,,,,,,,,,,,,,,,,,,,,,,,,,,,,,,,,,,,,,,,,,,,,,,,,,,,,,,,,,,,,,,,,,,,,,,,,,,,,,,,,,,,,,,,,,,,,,,,,,,,,,,,,,,,,,,,,,,,,,,,,,,,,,,,,,,,,,,,,,,,,,,,,,,,,,,,,,,,,,,,,,,,,,,,,,,,,,,,,,,,,,,,,,,,,,,,,,,,,,,,,,,,,,,,,,,,,,,,,,,,,,,,,,,,,,,,,,,,,,,,,,,,,,,,,,,,,,,,,,,,,,,,,,,,,,,,,,,,,,,,,,,,,,,,,,,,,,,,,,,,,,,,,,,,,,,,,,,,,,,,,,,,,,,,,,,,,,,,,,,,,,,,,,,,,,,,,,,,,,,,,,,,,,,,,,,,,,,,,,,,,,,,,,,,,,,,,,,,,,,,,,,,,,,,,,,,,,,,,,,,,,,,,,,,,,,,,,,,,,,,,,,,,,,,,,,,,,,,,,,,,,,,,,,,,,,,,,,,,,,,,,,,,,,,,,,,,,,,,,,,,,,,,,,,,,,,,,,,,,,,,,,,,,,,,,,,,,,,,,,,,,,,,,,,,,,,,,,,,,,,,,,,,,,,,,,,,,,,,,,,,,,,,,,,,,,,,,,,,,,,,,,,,,,,,,,,,,,,,,,,,,,,,,,,,,,,,,,,,,,,,,,,,,,,,,,,,,,,,,,,,,,,,,,,,,,,,,,,,,,,,,,,,,,,,,,,,,,,,,,,,,,,,,,,,,,,,,,,,,,,,,,,,,,,,,,,,,,,,,,,,,,,,,,,,,,,,,,,,,,,,,,,,,,,,,,,,,,,,,,,,,,,,,,,,,,,,,,,,,,,,,,,,,,,,,,,,,,,,,,,,,,,,,,,,,,,,,,,,,,,,,,,,,,,,,,,,,,,,,,,,,,,,,,,,,,,,,,,,,,,,,,,,,,,,,,,,,,,,,,,,,,,,,,,,,,,,,,,,,,,,,,,,,,,,,,,,,,,,,,,,,,,,,,,,,,,,,
p256_kyber512,,,,,,,,,,,,,,,,,,,,,,,,,,,,,,,,,,,,,,,,,,,,,,,,,,,,,,,,,,,,,,,,,,,,,,,,,,,,,,,,,,,,,,,,,,,,,,,,,,,,,,,,,,,,,,,,,,,,,,,,,,,,,,,,,,,,,,,,,,,,,,,,,,,,,,,,,,,,,,,,,,,,,,,,,,,,,,,,,,,,,,,,,,,,,,,,,,,,,,,,,,,,,,,,,,,,,,,,,,,,,,,,,,,,,,,,,,,,,,,,,,,,,,,,,,,,,,,,,,,,,,,,,,,,,,,,,,,,,,,,,,,,,,,,,,,,,,,,,,,,,,,,,,,,,,,,,,,,,,,,,,,,,,,,,,,,,,,,,,,,,,,,,,,,,,,,,,,,,,,,,,,,,,,,,,,,,,,,,,,,,,,,,,,,,,,,,,,,,,,,,,,,,,,,,,,,,,,,,,,,,,,,,,,,,,,,,,,,,,,,,,,,,,,,,,,,,,,,,,,,,,,,,,,,,,,,,,,,,,,,,,,,,,,,,,,,,,,,,,,,,,,,,,,,,,,,,,,,,,,,,,,,,,,,,,,,,,,,,,,,,,,,,,,,,,,,,,,,,,,,,,,,,,,,,,,,,,,,,,,,,,,,,,,,,,,,,,,,,,,,,,,,,,,,,,,,,,,,,,,,,,,,,,,,,,,,,,,,,,,,,,,,,,,,,,,,,,,,,,,,,,,,,,,,,,,,,,,,,,,,,,,,,,,,,,,,,,,,,,,,,,,,,,,,,,,,,,,,,,,,,,,,,,,,,,,,,,,,,,,,,,,,,,,,,,,,,,,,,,,,,,,,,,,,,,,,,,,,,,,,,,,,,,,,,,,,,,,,,,,,,,,,,,,,,,,,,,,,,,,,,,,,,,,,,,,,,,,,,,,,,,,,,,,,,,,,,,,,,,,,,,,,,,,,,,,,,,,,,,,,,,,,,,,,,,,,,,,,,,,,,,,,,,,,,,,,,,,,,,,,,,,,,,,,,,,,,,,,,,,,,,,,,,,,,,,,,,
p384_kyber768,,,,,,,,,,,,,,,,,,,,,,,,,,,,,,,,,,,,,,,,,,,,,,,,,,,,,,,,,,,,,,,,,,,,,,,,,,,,,,,,,,,,,,,,,,,,,,,,,,,,,,,,,,,,,,,,,,,,,,,,,,,,,,,,,,,,,,,,,,,,,,,,,,,,,,,,,,,,,,,,,,,,,,,,,,,,,,,,,,,,,,,,,,,,,,,,,,,,,,,,,,,,,,,,,,,,,,,,,,,,,,,,,,,,,,,,,,,,,,,,,,,,,,,,,,,,,,,,,,,,,,,,,,,,,,,,,,,,,,,,,,,,,,,,,,,,,,,,,,,,,,,,,,,,,,,,,,,,,,,,,,,,,,,,,,,,,,,,,,,,,,,,,,,,,,,,,,,,,,,,,,,,,,,,,,,,,,,,,,,,,,,,,,,,,,,,,,,,,,,,,,,,,,,,,,,,,,,,,,,,,,,,,,,,,,,,,,,,,,,,,,,,,,,,,,,,,,,,,,,,,,,,,,,,,,,,,,,,,,,,,,,,,,,,,,,,,,,,,,,,,,,,,,,,,,,,,,,,,,,,,,,,,,,,,,,,,,,,,,,,,,,,,,,,,,,,,,,,,,,,,,,,,,,,,,,,,,,,,,,,,,,,,,,,,,,,,,,,,,,,,,,,,,,,,,,,,,,,,,,,,,,,,,,,,,,,,,,,,,,,,,,,,,,,,,,,,,,,,,,,,,,,,,,,,,,,,,,,,,,,,,,,,,,,,,,,,,,,,,,,,,,,,,,,,,,,,,,,,,,,,,,,,,,,,,,,,,,,,,,,,,,,,,,,,,,,,,,,,,,,,,,,,,,,,,,,,,,,,,,,,,,,,,,,,,,,,,,,,,,,,,,,,,,,,,,,,,,,,,,,,,,,,,,,,,,,,,,,,,,,,,,,,,,,,,,,,,,,,,,,,,,,,,,,,,,,,,,,,,,,,,,,,,,,,,,,,,,,,,,,,,,,,,,,,,,,,,,,,,,,,,,,,,,,,,,,,,,,,,,,,,,,,,,,,,,,,,
p521_kyber1024,,,,,,,,,,,,,,,,,,,,,,,,,,,,,,,,,,,,,,,,,,,,,,,,,,,,,,,,,,,,,,,,,,,,,,,,,,,,,,,,,,,,,,,,,,,,,,,,,,,,,,,,,,,,,,,,,,,,,,,,,,,,,,,,,,,,,,,,,,,,,,,,,,,,,,,,,,,,,,,,,,,,,,,,,,,,,,,,,,,,,,,,,,,,,,,,,,,,,,,,,,,,,,,,,,,,,,,,,,,,,,,,,,,,,,,,,,,,,,,,,,,,,,,,,,,,,,,,,,,,,,,,,,,,,,,,,,,,,,,,,,,,,,,,,,,,,,,,,,,,,,,,,,,,,,,,,,,,,,,,,,,,,,,,,,,,,,,,,,,,,,,,,,,,,,,,,,,,,,,,,,,,,,,,,,,,,,,,,,,,,,,,,,,,,,,,,,,,,,,,,,,,,,,,,,,,,,,,,,,,,,,,,,,,,,,,,,,,,,,,,,,,,,,,,,,,,,,,,,,,,,,,,,,,,,,,,,,,,,,,,,,,,,,,,,,,,,,,,,,,,,,,,,,,,,,,,,,,,,,,,,,,,,,,,,,,,,,,,,,,,,,,,,,,,,,,,,,,,,,,,,,,,,,,,,,,,,,,,,,,,,,,,,,,,,,,,,,,,,,,,,,,,,,,,,,,,,,,,,,,,,,,,,,,,,,,,,,,,,,,,,,,,,,,,,,,,,,,,,,,,,,,,,,,,,,,,,,,,,,,,,,,,,,,,,,,,,,,,,,,,,,,,,,,,,,,,,,,,,,,,,,,,,,,,,,,,,,,,,,,,,,,,,,,,,,,,,,,,,,,,,,,,,,,,,,,,,,,,,,,,,,,,,,,,,,,,,,,,,,,,,,,,,,,,,,,,,,,,,,,,,,,,,,,,,,,,,,,,,,,,,,,,,,,,,,,,,,,,,,,,,,,,,,,,,,,,,,,,,,,,,,,,,,,,,,,,,,,,,,,,,,,,,,,,,,,,,,,,,,,,,,,,,,,,,,,,,,,,,,,,,,,,,,,,,,,,,
x25519_kyber768,,,,,,,,,,,,,,,,,,,,,,,,,,,,,,,,,,,,,,,,,,,,,,,,,,,,,,,,,,,,,,,,,,,,,,,,,,,,,,,,,,,,,,,,,,,,,,,,,,,,,,,,,,,,,,,,,,,,,,,,,,,,,,,,,,,,,,,,,,,,,,,,,,,,,,,,,,,,,,,,,,,,,,,,,,,,,,,,,,,,,,,,,,,,,,,,,,,,,,,,,,,,,,,,,,,,,,,,,,,,,,,,,,,,,,,,,,,,,,,,,,,,,,,,,,,,,,,,,,,,,,,,,,,,,,,,,,,,,,,,,,,,,,,,,,,,,,,,,,,,,,,,,,,,,,,,,,,,,,,,,,,,,,,,,,,,,,,,,,,,,,,,,,,,,,,,,,,,,,,,,,,,,,,,,,,,,,,,,,,,,,,,,,,,,,,,,,,,,,,,,,,,,,,,,,,,,,,,,,,,,,,,,,,,,,,,,,,,,,,,,,,,,,,,,,,,,,,,,,,,,,,,,,,,,,,,,,,,,,,,,,,,,,,,,,,,,,,,,,,,,,,,,,,,,,,,,,,,,,,,,,,,,,,,,,,,,,,,,,,,,,,,,,,,,,,,,,,,,,,,,,,,,,,,,,,,,,,,,,,,,,,,,,,,,,,,,,,,,,,,,,,,,,,,,,,,,,,,,,,,,,,,,,,,,,,,,,,,,,,,,,,,,,,,,,,,,,,,,,,,,,,,,,,,,,,,,,,,,,,,,,,,,,,,,,,,,,,,,,,,,,,,,,,,,,,,,,,,,,,,,,,,,,,,,,,,,,,,,,,,,,,,,,,,,,,,,,,,,,,,,,,,,,,,,,,,,,,,,,,,,,,,,,,,,,,,,,,,,,,,,,,,,,,,,,,,,,,,,,,,,,,,,,,,,,,,,,,,,,,,,,,,,,,,,,,,,,,,,,,,,,,,,,,,,,,,,,,,,,,,,,,,,,,,,,,,,,,,,,,,,,,,,,,,,,,,,,,,,,,,,,,,,,,,,,,,,,,,,,,,,,,,,,,,,,,,,,
